Author,Rating
Samapti Sinha Mahapatra,4.6 out of 5 stars
N/A,4.4 out of 5 stars
Kriti Sharma,4.6 out of 5 stars
Lori Gottlieb,4.6 out of 5 stars
एम लक्ष्मीकांत,4.4 out of 5 stars
Ishinna B. Sadana,4.8 out of 5 stars
N/A,4.2 out of 5 stars
PR Yadav,4.4 out of 5 stars
N/A,N/A
N/A,4.8 out of 5 stars
R.K. Gupta,4.5 out of 5 stars
Rajesh Verma,4.3 out of 5 stars
N/A,4.3 out of 5 stars
Amulya Dhal,4.4 out of 5 stars
Wonder House Books,4.7 out of 5 stars
EduGorilla Prep Experts,4.2 out of 5 stars
Blueprint Editorial Board,4.5 out of 5 stars
Oswaal Editorial Board,4.9 out of 5 stars
N/A,4.7 out of 5 stars
Mangal,4.5 out of 5 stars
RPH Editorial Board,4.3 out of 5 stars
A K Mittal,3.5 out of 5 stars
ROHIT VAIDWAN,2.9 out of 5 stars
MUTHUVENKATACHALAM S.,4.4 out of 5 stars
Swati Chawla,4.4 out of 5 stars
Mike Chapple,4.7 out of 5 stars
Sönke Ahrens,4.3 out of 5 stars
Nikhil Kr Gupta,4.5 out of 5 stars
RPH Editorial Board,3.9 out of 5 stars
Target Publications,4.2 out of 5 stars
N/A,N/A
RPH Editorial Board,4.3 out of 5 stars
RPH Editorial Board,3.9 out of 5 stars
Mike Chapple,4.7 out of 5 stars
EduGorilla Prep Experts,4.0 out of 5 stars
N/A,4.5 out of 5 stars
Esther Wojcicki,4.5 out of 5 stars
N/A,N/A
Anita Sehgal,4.4 out of 5 stars
EduGorilla PREP EXPERT,4.0 out of 5 stars
EduGorilla Prep Experts,5.0 out of 5 stars
TARGET PUBLICATIONS,4.3 out of 5 stars
N/A,4.0 out of 5 stars
Scholastic Inc.,4.7 out of 5 stars
Dr. Swati Maharshi,4.2 out of 5 stars
N/A,2.9 out of 5 stars
Arihant Experts,4.2 out of 5 stars
RPH Editorial Board,4.2 out of 5 stars
N/A,N/A
N/A,3.5 out of 5 stars
